"Alameda, CA, 94501",Alameda,Alameda
"Alameda, CA, 94502",Alameda,Alameda
"Albany, CA, 94706",Albany,Alameda
"Albany, CA, 94707",Albany,Alameda
"Albany, CA, 94710",Albany,Alameda
"Berkeley, CA 94701",Berkeley,Alameda
"Berkeley, CA 94702",Berkeley,Alameda
"Berkeley, CA 94703",Berkeley,Alameda
"Berkeley, CA 94704",Berkeley,Alameda
"Berkeley, CA 94705",Berkeley,Alameda
"Berkeley, CA 94706",Berkeley,Alameda
"Berkeley, CA 94707",Berkeley,Alameda
"Berkeley, CA 94708",Berkeley,Alameda
"Berkeley, CA 94709",Berkeley,Alameda
"Berkeley, CA 94710",Berkeley,Alameda
"Berkeley, CA 94712",Berkeley,Alameda
"Berkeley, CA 94720",Berkeley,Alameda
"Dublin, CA 94568",Dublin,Alameda
"Emeryville, CA 94608",Emeryville,Alameda
"Emeryville, CA 94662",Emeryville,Alameda
"Fremont, CA 94536",Fremont,Alameda
"Fremont, CA 94537",Fremont,Alameda
"Fremont, CA 94538",Fremont,Alameda
"Fremont, CA 94539",Fremont,Alameda
"Fremont, CA 94555",Fremont,Alameda
"Hayward, CA 94540",Hayward,Alameda
"Hayward, CA 94541",Hayward,Alameda
"Hayward, CA 94542",Hayward,Alameda
"Hayward, CA 94543",Hayward,Alameda
"Hayward, CA 94544",Hayward,Alameda
"Hayward, CA 94545",Hayward,Alameda
"Hayward, CA 94546",Hayward,Alameda
"Hayward, CA 94552",Hayward,Alameda
"Hayward, CA 94557",Hayward,Alameda
"Livermore, CA 94550",Livermore,Alameda
"Livermore, CA 94551",Livermore,Alameda
"Newark, CA 94560",Newark,Alameda
"Oakland, CA 94601",Oakland,Alameda
"Oakland, CA 94602",Oakland,Alameda
"Oakland, CA 94603",Oakland,Alameda
"Oakland, CA 94604",Oakland,Alameda
"Oakland, CA 94605",Oakland,Alameda
"Oakland, CA 94606",Oakland,Alameda
"Oakland, CA 94607",Oakland,Alameda
"Oakland, CA 94608",Oakland,Alameda
"Oakland, CA 94609",Oakland,Alameda
"Oakland, CA 94610",Oakland,Alameda
"Oakland, CA 94611",Oakland,Alameda
"Oakland, CA 94612",Oakland,Alameda
"Oakland, CA 94613",Oakland,Alameda
"Oakland, CA 94614",Oakland,Alameda
"Oakland, CA 94615",Oakland,Alameda
"Oakland, CA 94616",Oakland,Alameda
"Oakland, CA 94617",Oakland,Alameda
"Oakland, CA 94618",Oakland,Alameda
"Oakland, CA 94619",Oakland,Alameda
"Oakland, CA 94620",Oakland,Alameda
"Oakland, CA 94621",Oakland,Alameda
"Oakland, CA 94622",Oakland,Alameda
"Oakland, CA 94623",Oakland,Alameda
"Oakland, CA 94624",Oakland,Alameda
"Oakland, CA 94649",Oakland,Alameda
"Oakland, CA 94659",Oakland,Alameda
"Oakland, CA 94660",Oakland,Alameda
"Oakland, CA 94661",Oakland,Alameda
"Oakland, CA 94666",Oakland,Alameda
"Piedmont, CA 94602",Piedmont,Alameda
"Piedmont, CA 94610",Piedmont,Alameda
"Piedmont, CA 94611",Piedmont,Alameda
"Piedmont, CA 94618",Piedmont,Alameda
"Piedmont, CA 94620",Piedmont,Alameda
"Pleasanton, CA 94566",Pleasanton,Alameda
"Pleasanton, CA 94568",Pleasanton,Alameda
"Pleasanton, CA 94588",Pleasanton,Alameda
"San Leandro, CA 94577",San Leandro,Alameda
"San Leandro, CA 94578",San Leandro,Alameda
"San Leandro, CA 94579",San Leandro,Alameda
"Union City, CA 94587",Union City,Alameda
"Antioch, CA 94509",Antioch,Contra Costa
"Antioch, CA 94531",Antioch,Contra Costa
"Brentwood, CA 94513",Brentwood,Contra Costa
"Clayton, CA 94517",Clayton,Contra Costa
"Concord, CA 94518",Concord,Contra Costa
"Concord, CA 94519",Concord,Contra Costa
"Concord, CA 94520",Concord,Contra Costa
"Concord, CA 94521",Concord,Contra Costa
"Concord, CA 94522",Concord,Contra Costa
"Concord, CA 94523",Concord,Contra Costa
"Concord, CA 94524",Concord,Contra Costa
"Concord, CA 94527",Concord,Contra Costa
"Concord, CA 94529",Concord,Contra Costa
"Danville, CA 94506",Danville,Contra Costa
"Danville, 94526",Danville,Contra Costa
"El Cerrito, CA 94530",El Cerrito,Contra Costa
"Hercules, CA 94547",Hercules,Contra Costa
"Lafayette, CA 94549",Lafayette,Contra Costa
"Martinez, CA 94553",Martinez,Contra Costa
"Moraga, CA 94556",Moraga,Contra Costa
"Moraga, CA 94570",Moraga,Contra Costa
"Moraga, CA 94575",Moraga,Contra Costa
"Oakley, CA 94561",Oakley,Contra Costa
"Orinda, CA 94563",Orinda,Contra Costa
"Pinole, CA 94564",Pinole,Contra Costa
"Pittsburg, CA 94565",Pittsburg,Contra Costa
"Pleasant Hill, CA 94523",Pleasant Hill,Contra Costa
"Richmond, CA 94801",Richmond,Contra Costa
"Richmond, CA 94802",Richmond,Contra Costa
"Richmond, CA 94803",Richmond,Contra Costa
"Richmond, CA 94804",Richmond,Contra Costa
"Richmond, CA 94805",Richmond,Contra Costa
"Richmond, CA 94806",Richmond,Contra Costa
"Richmond, CA 94807",Richmond,Contra Costa
"Richmond, CA 94808",Richmond,Contra Costa
"Richmond, CA 94820",Richmond,Contra Costa
"Richmond, CA 94850",Richmond,Contra Costa
"San Pablo, CA 94803",San Pablo,Contra Costa
"San Pablo, CA 94805",San Pablo,Contra Costa
"San Pablo, CA 94806",San Pablo,Contra Costa
"San Ramon, CA 94582",San Ramon,Contra Costa
"San Ramon, CA 94583",San Ramon,Contra Costa
"Walnut Creek, CA 94595",Walnut Creek,Contra Costa
"Walnut Creek, CA 94596",Walnut Creek,Contra Costa
"Walnut Creek, CA 94597",Walnut Creek,Contra Costa
"Walnut Creek, CA 94598",Walnut Creek,Contra Costa
"Belvedere, CA 94920",Belvedere,Marin
"Corte Madera, CA 94925",Corte Madera,Marin
"Corte Madera, CA 94976",Corte Madera,Marin
"Fairfax,  CA 94978",Fairfax,Marin
"Fairfax,  CA 94930",Fairfax,Marin
"Larkspur, CA 94939",Larkspur,Marin
"Larkspur, CA 94977",Larkspur,Marin
"Mill Valley, CA 94941",Mill Valley,Marin
"Mill Valley, CA 94942",Mill Valley,Marin
"Novato, CA 94945",Novato,Marin
"Novato, CA 94947",Novato,Marin
"Novato, CA 94948",Novato,Marin
"Novato, CA 94949",Novato,Marin
"Novato, CA 94998",Novato,Marin
"Ross, CA 94957",Ross,Marin
"San Anselmo, CA 94901",San Anselmo,Marin
"San Anselmo, CA 94960",San Anselmo,Marin
"San Anselmo, CA 94979",San Anselmo,Marin
"San Rafael, CA 94901",San Rafael,Marin
"San Rafael, CA 94903",San Rafael,Marin
"San Rafael, CA 94912",San Rafael,Marin
"San Rafael, CA 94913",San Rafael,Marin
"San Rafael, CA 94915",San Rafael,Marin
"Sausalito, CA 94965",Sausalito,Marin
"Sausalito, CA 94966",Sausalito,Marin
"Tiburon, CA 94920",Tiburon,Marin
"American Canyon, CA 94503",American Canyon,Napa
"American Canyon, CA 94589",American Canyon,Napa
"Calistoga, CA 94515",Calistoga,Napa
"Napa, CA 94558",Napa,Napa
"Napa, CA 94559",Napa,Napa
"Napa, CA 94581",Napa,Napa
"St. Helena, CA 94574",St. Helena,Napa
"Yountville, CA 94599",Yountville,Napa
"San Francisco, CA 94102",San Francisco,San Francisco
"San Francisco, CA 94103",San Francisco,San Francisco
"San Francisco, CA 94104",San Francisco,San Francisco
"San Francisco, CA 94105",San Francisco,San Francisco
"San Francisco, CA 94107",San Francisco,San Francisco
"San Francisco, CA 94108",San Francisco,San Francisco
"San Francisco, CA 94109",San Francisco,San Francisco
"San Francisco, CA 94110",San Francisco,San Francisco
"San Francisco, CA 94111",San Francisco,San Francisco
"San Francisco, CA 94112",San Francisco,San Francisco
"San Francisco, CA 94114",San Francisco,San Francisco
"San Francisco, CA 94115",San Francisco,San Francisco
"San Francisco, CA 94116",San Francisco,San Francisco
"San Francisco, CA 94117",San Francisco,San Francisco
"San Francisco, CA 94118",San Francisco,San Francisco
"San Francisco, CA 94119",San Francisco,San Francisco
"San Francisco, CA 94120",San Francisco,San Francisco
"San Francisco, CA 94121",San Francisco,San Francisco
"San Francisco, CA 94122",San Francisco,San Francisco
"San Francisco, CA 94123",San Francisco,San Francisco
"San Francisco, CA 94124",San Francisco,San Francisco
"San Francisco, CA 94125",San Francisco,San Francisco
"San Francisco, CA 94126",San Francisco,San Francisco
"San Francisco, CA 94127",San Francisco,San Francisco
"San Francisco, CA 94128",San Francisco,San Francisco
"San Francisco, CA 94129",San Francisco,San Francisco
"San Francisco, CA 94130",San Francisco,San Francisco
"San Francisco, CA 94131",San Francisco,San Francisco
"San Francisco, CA 94132",San Francisco,San Francisco
"San Francisco, CA 94133",San Francisco,San Francisco
"San Francisco, CA 94134",San Francisco,San Francisco
"San Francisco, CA 94137",San Francisco,San Francisco
"San Francisco, CA 94139",San Francisco,San Francisco
"San Francisco, CA 94140",San Francisco,San Francisco
"San Francisco, CA 94141",San Francisco,San Francisco
"San Francisco, CA 94142",San Francisco,San Francisco
"San Francisco, CA 94143",San Francisco,San Francisco
"San Francisco, CA 94144",San Francisco,San Francisco
"San Francisco, CA 94145",San Francisco,San Francisco
"San Francisco, CA 94146",San Francisco,San Francisco
"San Francisco, CA 94147",San Francisco,San Francisco
"San Francisco, CA 94151",San Francisco,San Francisco
"San Francisco, CA 94158",San Francisco,San Francisco
"San Francisco, CA 94159",San Francisco,San Francisco
"San Francisco, CA 94160",San Francisco,San Francisco
"San Francisco, CA 94161",San Francisco,San Francisco
"San Francisco, CA 94163",San Francisco,San Francisco
"San Francisco, CA 94164",San Francisco,San Francisco
"San Francisco, CA 94172",San Francisco,San Francisco
"San Francisco, CA 94177",San Francisco,San Francisco
"San Francisco, CA 94188",San Francisco,San Francisco
"Atherton, CA 94027",Atherton,San Mateo
"Belmont, CA 94002",Belmont,San Mateo
"Brisbane, CA 94005",Brisbane,San Mateo
"Burlingame, CA 94010",Burlingame,San Mateo
"Burlingame, CA 94011",Burlingame,San Mateo
"Colma, CA 94014",Colma,San Mateo
"Daly City, CA 94014",Daly City,San Mateo
"Daly City, CA 94015",Daly City,San Mateo
"Daly City, CA 94016",Daly City,San Mateo
"Daly City, CA 94017",Daly City,San Mateo
"East Palo Alto, CA 94303",East Palo Alto,San Mateo
"Foster City, CA 94404",Foster City,San Mateo
"Half Moon Bay, CA 94019",Half Moon Bay,San Mateo
"Hillsborough, CA 94010",Hillsborough,San Mateo
"Menlo Park, CA 94025",Menlo Park,San Mateo
"Menlo Park, CA 94026",Menlo Park,San Mateo
"Menlo Park, CA 94027",Menlo Park,San Mateo
"Menlo Park, CA 94028",Menlo Park,San Mateo
"Millbrae, CA 94030",Millbrae,San Mateo
"Pacifica, CA 94044",Pacifica,San Mateo
"Portola Valley, CA 94028",Portola Valley,San Mateo
"Redwood City, CA 94061",Redwood City,San Mateo
"Redwood City, CA 94062",Redwood City,San Mateo
"Redwood City, CA 94063",Redwood City,San Mateo
"Redwood City, CA 94064",Redwood City,San Mateo
"Redwood City, CA 94065",Redwood City,San Mateo
"San Bruno, CA 94066",San Bruno,San Mateo
"San Carlos, CA 94070",San Carlos,San Mateo
"San Mateo, CA 94401",San Mateo,San Mateo
"San Mateo, CA 94402",San Mateo,San Mateo
"San Mateo, CA 94403",San Mateo,San Mateo
"San Mateo, CA 94404",San Mateo,San Mateo
"San Mateo, CA 94497",San Mateo,San Mateo
"South San Francisco, CA 94080",South San Francisco,San Mateo
"South San Francisco, CA 94083",South San Francisco,San Mateo
"Woodside, CA 94061",Woodside,San Mateo
"Woodside, CA 94062",Woodside,San Mateo
"Campbell, CA 95008",Campbell,Santa Clara
"Campbell, CA 95009",Campbell,Santa Clara
"Campbell, CA 95011",Campbell,Santa Clara
"Cupertino, CA 95014",Cupertino,Santa Clara
"Cupertino, CA 95015",Cupertino,Santa Clara
"Gilroy, CA 95020",Gilroy,Santa Clara
"Gilroy, CA 95021",Gilroy,Santa Clara
"Los Altos, CA 94022",Los Altos,Santa Clara
"Los Altos, CA 94023",Los Altos,Santa Clara
"Los Altos, CA 94024",Los Altos,Santa Clara
"Los Altos Hills, CA 94022",Los Altos Hills,Santa Clara
"Los Altos Hills, CA 94024",Los Altos Hills,Santa Clara
"Los Gatos, CA 95030",Los Gatos,Santa Clara
"Los Gatos, CA 95031",Los Gatos,Santa Clara
"Los Gatos, CA 95032",Los Gatos,Santa Clara
"Los Gatos, CA 95033",Los Gatos,Santa Clara
"Milpitas, CA 95035",Milpitas,Santa Clara
"Milpitas, CA 95036",Milpitas,Santa Clara
"Monte Sereno, CA 95030",Monte Sereno,Santa Clara
"Morgan Hill, CA 95037",Morgan Hill,Santa Clara
"Morgan Hill, CA 95038",Morgan Hill,Santa Clara
"Mountain View, CA 94035",Mountain View,Santa Clara
"Mountain View, CA 94039",Mountain View,Santa Clara
"Mountain View, CA 94040",Mountain View,Santa Clara
"Mountain View, CA 94041",Mountain View,Santa Clara
"Mountain View, CA 94042",Mountain View,Santa Clara
"Mountain View, CA 94043",Mountain View,Santa Clara
"Palo Alto, CA 94301",Palo Alto,Santa Clara
"Palo Alto, CA 94302",Palo Alto,Santa Clara
"Palo Alto, CA 94303",Palo Alto,Santa Clara
"Palo Alto, CA 94304",Palo Alto,Santa Clara
"Palo Alto, CA 94305",Palo Alto,Santa Clara
"Palo Alto, CA 94306",Palo Alto,Santa Clara
"Palo Alto, CA 94309",Palo Alto,Santa Clara
"San Jose, CA 95002",San Jose,Santa Clara
"San Jose, CA 95101",San Jose,Santa Clara
"San Jose, CA 95103",San Jose,Santa Clara
"San Jose, CA 95106",San Jose,Santa Clara
"San Jose, CA 95108",San Jose,Santa Clara
"San Jose, CA 95109",San Jose,Santa Clara
"San Jose, CA 95110",San Jose,Santa Clara
"San Jose, CA 95111",San Jose,Santa Clara
"San Jose, CA 95112",San Jose,Santa Clara
"San Jose, CA 95113",San Jose,Santa Clara
"San Jose, CA 95115",San Jose,Santa Clara
"San Jose, CA 95116",San Jose,Santa Clara
"San Jose, CA 95117",San Jose,Santa Clara
"San Jose, CA 95118",San Jose,Santa Clara
"San Jose, CA 95119",San Jose,Santa Clara
"San Jose, CA 95120",San Jose,Santa Clara
"San Jose, CA 95121",San Jose,Santa Clara
"San Jose, CA 95122",San Jose,Santa Clara
"San Jose, CA 95123",San Jose,Santa Clara
"San Jose, CA 95124",San Jose,Santa Clara
"San Jose, CA 95125",San Jose,Santa Clara
"San Jose, CA 95126",San Jose,Santa Clara
"San Jose, CA 95127",San Jose,Santa Clara
"San Jose, CA 95128",San Jose,Santa Clara
"San Jose, CA 95129",San Jose,Santa Clara
"San Jose, CA 95130",San Jose,Santa Clara
"San Jose, CA 95131",San Jose,Santa Clara
"San Jose, CA 95132",San Jose,Santa Clara
"San Jose, CA 95133",San Jose,Santa Clara
"San Jose, CA 95134",San Jose,Santa Clara
"San Jose, CA 95135",San Jose,Santa Clara
"San Jose, CA 95136",San Jose,Santa Clara
"San Jose, CA 95138",San Jose,Santa Clara
"San Jose, CA 95139",San Jose,Santa Clara
"San Jose, CA 95140",San Jose,Santa Clara
"San Jose, CA 95141",San Jose,Santa Clara
"San Jose, CA 95148",San Jose,Santa Clara
"San Jose, CA 95150",San Jose,Santa Clara
"San Jose, CA 95151",San Jose,Santa Clara
"San Jose, CA 95152",San Jose,Santa Clara
"San Jose, CA 95153",San Jose,Santa Clara
"San Jose, CA 95154",San Jose,Santa Clara
"San Jose, CA 95155",San Jose,Santa Clara
"San Jose, CA 95156",San Jose,Santa Clara
"San Jose, CA 95157",San Jose,Santa Clara
"San Jose, CA 95158",San Jose,Santa Clara
"San Jose, CA 95159",San Jose,Santa Clara
"San Jose, CA 95160",San Jose,Santa Clara
"San Jose, CA 95161",San Jose,Santa Clara
"San Jose, CA 95164",San Jose,Santa Clara
"San Jose, CA 95170",San Jose,Santa Clara
"San Jose, CA 95172",San Jose,Santa Clara
"San Jose, CA 95173",San Jose,Santa Clara
"San Jose, CA 95190",San Jose,Santa Clara
"San Jose, CA 95191",San Jose,Santa Clara
"San Jose, CA 95192",San Jose,Santa Clara
"San Jose, CA 95193",San Jose,Santa Clara
"San Jose, CA 95196",San Jose,Santa Clara
"Santa Clara, CA 95050",Santa Clara,Santa Clara
"Santa Clara, CA 95051",Santa Clara,Santa Clara
"Santa Clara, CA 95052",Santa Clara,Santa Clara
"Santa Clara, CA 95053",Santa Clara,Santa Clara
"Santa Clara, CA 95054",Santa Clara,Santa Clara
"Santa Clara, CA 95055",Santa Clara,Santa Clara
"Santa Clara, CA 95056",Santa Clara,Santa Clara
"Saratoga, CA 95070",Saratoga,Santa Clara
"Saratoga, CA 95071",Saratoga,Santa Clara
"Sunnyvale, CA 94085",Sunnyvale,Santa Clara
"Sunnyvale, CA 94086",Sunnyvale,Santa Clara
"Sunnyvale, CA 94087",Sunnyvale,Santa Clara
"Sunnyvale, CA 94088",Sunnyvale,Santa Clara
"Sunnyvale, CA 94089",Sunnyvale,Santa Clara
"Benicia, CA 94510",Benicia,Solano
"Dixon, CA 95620",Dixon,Solano
"Fairfield, CA 94533",Fairfield,Solano
"Fairfield, CA 94534",Fairfield,Solano
"Fairfield, CA 94535",Fairfield,Solano
"Rio Vista, CA 94571",Rio Vista,Solano
"Suisun City, CA 94534 ",Suisun City,Solano
"Suisun City, CA 94585",Suisun City,Solano
"Vacaville, CA 95687",Vacaville,Solano
"Vacaville, CA 95688",Vacaville,Solano
"Vacaville, CA 95696",Vacaville,Solano
"Vallejo, CA 94503",Vallejo,Solano
"Vallejo, CA 94589",Vallejo,Solano
"Vallejo, CA 94590",Vallejo,Solano
"Vallejo, CA 94591",Vallejo,Solano
"Vallejo, CA 94592",Vallejo,Solano
"Cloverdale, CA 95425",Cloverdale,Sonoma
"Cotati, CA 94926",Cotati,Sonoma
"Cotati, CA 94927",Cotati,Sonoma
"Cotati, CA 94928",Cotati,Sonoma
"Cotati, CA 94931",Cotati,Sonoma
"Healdsburg, CA 95448",Healdsburg,Sonoma
"Petaluma, CA 94952",Petaluma,Sonoma
"Petaluma, CA 94953",Petaluma,Sonoma
"Petaluma, CA 94954",Petaluma,Sonoma
"Petaluma, CA 94955",Petaluma,Sonoma
"Petaluma, CA 94975",Petaluma,Sonoma
"Petaluma, CA 94999",Petaluma,Sonoma
"Rohnert Park, CA 94926",Rohnert Park,Sonoma
"Rohnert Park, CA 94927",Rohnert Park,Sonoma
"Rohnert Park, CA 94928",Rohnert Park,Sonoma
"Santa Rosa, CA 95401",Santa Rosa,Sonoma
"Santa Rosa, CA 95402",Santa Rosa,Sonoma
"Santa Rosa, CA 95403",Santa Rosa,Sonoma
"Santa Rosa, CA 95404",Santa Rosa,Sonoma
"Santa Rosa, CA 95405",Santa Rosa,Sonoma
"Santa Rosa, CA 95406",Santa Rosa,Sonoma
"Santa Rosa, CA 95407",Santa Rosa,Sonoma
"Santa Rosa, CA 95409",Santa Rosa,Sonoma
"Sebastopol, CA 95472",Sebastopol,Sonoma
"Sebastopol, CA 95473",Sebastopol,Sonoma
"Sonoma, CA 95476",Sonoma,Sonoma
"Windsor, CA 95492",Windsor,Sonoma
